date,pnl,gross
2021-12-22,-0.012211506588384317,1.0
2021-12-23,-0.023344545887091075,1.0
2021-12-24,0.02054226535987029,1.0
2021-12-25,-0.003702083234260398,1.0
2021-12-26,0.007033603964095902,1.0
2021-12-27,-0.013050986252024806,1.0
2021-12-28,0.0007099661733803971,1.0
2021-12-29,-0.006844941933384028,1.0
2021-12-30,0.006291718507292457,1.0
2021-12-31,-0.0033658198399969803,1.0
2022-01-01,0.0023353690815579213,1.0
2022-01-02,0.002377574466534854,1.0
2022-01-03,-0.021037439464313974,1.0
2022-01-04,-0.0010825462281987023,1.0
2022-01-05,-0.012173929650126505,1.0
2022-01-06,-0.012226141484382533,1.0
2022-01-07,-0.010835008402781338,1.0
2022-01-08,0.0064733247094344425,1.0
2022-01-09,-0.0008289001924889675,1.0
2022-01-10,-0.002085881788404591,1.0
2022-01-11,-0.010744924907055291,1.0
2022-01-12,0.01703256973496678,1.0
2022-01-13,-0.001255963524441813,1.0
2022-01-14,-0.001886268822333396,1.0
2022-01-15,-0.0006281990630319363,1.0
2022-01-16,0.01740940736830841,1.0
2022-01-17,-0.029502804364548066,1.0
2022-01-18,-0.014973622240263253,1.0
2022-01-19,-0.006698498469398971,1.0
2022-01-20,-0.0059627787314096735,1.0
2022-01-21,-0.02137320451975728,1.0
2022-01-22,0.0031125347988009053,1.0
2022-01-23,0.0005830611698588791,1.0
2022-01-24,0.007542340197388636,1.0
2022-01-25,-0.0027449851987468464,1.0
2022-01-26,0.01583988719876504,1.0
2022-01-27,-0.011087014694857733,1.0
2022-01-28,-0.004913752537408157,1.0
2022-01-29,-0.031422745224518975,1.0
2022-01-30,0.015914016941540002,1.0
2022-01-31,0.006879165370135805,1.0
2022-02-01,-0.0037822303088878664,1.0
2022-02-02,-0.008649879872473204,1.0
2022-02-03,0.009673059511399722,1.0
2022-02-04,-0.009742686738868125,1.0
2022-02-05,-0.006403457372070411,1.0
2022-02-06,0.021017231675636166,1.0
2022-02-07,0.024268122555132533,1.0
2022-02-08,-0.005709297410161994,1.0
2022-02-09,0.061782662308467864,1.0
2022-02-10,0.0052276730857588995,1.0
2022-02-11,-0.01203752406130879,1.0
2022-02-12,0.004831856263111455,1.0
2022-02-13,-0.003229664860914641,1.0
2022-02-14,-0.00972971810368788,1.0
2022-02-15,-0.007098329843578221,1.0
2022-02-16,-0.0010122397083694734,1.0
2022-02-17,0.004173974162093274,1.0
2022-02-18,0.007334095298672142,1.0
2022-02-19,0.0009686896734885073,1.0
2022-02-20,0.004790309022751792,1.0
2022-02-21,0.0026287747555582795,1.0
2022-02-22,-0.0067747078199369235,1.0
2022-02-23,0.015988052459931658,1.0
2022-02-24,0.012862003019494656,1.0
2022-02-25,-0.002799468487106395,1.0
2022-02-26,0.005474813006366708,1.0
2022-02-27,0.0007197367692725912,1.0
2022-02-28,0.021761635694643837,1.0
2022-03-01,0.01518122202428905,1.0
2022-03-02,-0.005321186059137086,1.0
2022-03-03,-0.00954600367520382,1.0
2022-03-04,0.014548093691957522,1.0
2022-03-05,0.0008535651006514136,1.0
2022-03-06,0.009828100596679415,1.0
2022-03-07,0.0051064409663444926,1.0
2022-03-08,-0.015363133517594768,1.0
2022-03-09,0.007878537159245943,1.0
2022-03-10,0.0076499089824226384,1.0
2022-03-11,0.0010311017117304588,1.0
2022-03-12,-0.006776707824830795,1.0
2022-03-13,0.004068756289382204,1.0
2022-03-14,-0.0033325044565838307,1.0
2022-03-15,-0.0007175132485238735,1.0
2022-03-16,-0.010353859602841837,1.0
2022-03-17,0.010248050416976406,1.0
2022-03-18,0.00522156789269833,1.0
2022-03-19,-0.011243871960469649,1.0
2022-03-20,-0.00599057220506974,1.0
2022-03-21,0.0023841974191231145,1.0
2022-03-22,-0.007634119142043796,1.0
2022-03-23,0.0021213566987136868,1.0
2022-03-24,0.0019422591251315891,1.0
2022-03-25,0.014992968982309804,1.0
2022-03-26,-0.011822894018942091,1.0
2022-03-27,-0.002188769854783271,1.0
2022-03-28,0.003770482928088248,1.0
2022-03-29,0.0019065585247415137,1.0
2022-03-30,-0.00530508489358911,1.0
2022-03-31,-0.026595344647310313,1.0
2022-04-01,-0.0003890545719562878,1.0
2022-04-02,0.003779536174007612,1.0
2022-04-03,0.01059733394730306,1.0
2022-04-04,-0.013387756093213337,1.0
2022-04-05,-0.001109752348551483,1.0
2022-04-06,0.003810369661725246,1.0
2022-04-07,-0.008636272047590928,1.0
2022-04-08,-0.008595821349904933,1.0
2022-04-09,0.0041051817889963885,1.0
2022-04-10,0.0003874970991010701,1.0
2022-04-11,0.005262171907829464,1.0
2022-04-12,-0.001183791690631803,1.0
2022-04-13,0.0014725361957857552,1.0
2022-04-14,0.011718324899562737,1.0
2022-04-15,-0.010574726527995983,1.0
2022-04-16,-0.002000205536219849,1.0
2022-04-17,-0.005581727902723906,1.0
2022-04-18,-0.0031189740073439207,1.0
2022-04-19,-0.005996827000907116,1.0
2022-04-20,-0.0017556603481086734,1.0
2022-04-21,0.009273133549780698,1.0
2022-04-22,0.006903353248021205,1.0
2022-04-23,1.9098629639898324e-05,1.0
2022-04-24,0.020933586336589427,1.0
2022-04-25,0.01069044612768068,1.0
2022-04-26,0.0009725094120711206,1.0
2022-04-27,-0.002527446130678946,1.0
2022-04-28,0.011124870569167018,1.0
2022-04-29,0.0012862929945649986,1.0
2022-04-30,-0.0037150537105705844,1.0
2022-05-01,0.004185880970164046,1.0
2022-05-02,-0.0026926619762614318,1.0
2022-05-03,0.001638731895741518,1.0
2022-05-04,-0.0011935743619623006,1.0
2022-05-05,0.0027305329876348653,1.0
2022-05-06,-0.009507855398073686,1.0
2022-05-07,0.001955264318122586,1.0
2022-05-08,0.0050658517418779875,1.0
2022-05-09,0.02416406972789833,1.0
2022-05-10,-0.008048530310419898,1.0
2022-05-11,0.010922698659625791,1.0
2022-05-12,0.021861192741541118,1.0
2022-05-13,-0.003986279570344122,1.0
2022-05-14,-0.017720478411164402,1.0
2022-05-15,0.010105780200838198,1.0
2022-05-16,-0.010389986132923466,1.0
2022-05-17,-0.006209595109056437,1.0
2022-05-18,-0.002729484707593705,1.0
2022-05-19,-0.008233211243426075,1.0
2022-05-20,-0.024163602011331987,1.0
2022-05-21,-0.01808162878109159,1.0
2022-05-22,-0.004382013649369814,1.0
2022-05-23,0.003018518510533346,1.0
2022-05-24,0.00616590361470224,1.0
2022-05-25,-0.004238392800687397,1.0
2022-05-26,-0.0047898450193857665,1.0
2022-05-27,-0.014552465561594832,1.0
2022-05-28,0.005969601732794294,1.0
2022-05-29,-0.0035737557224242884,1.0
2022-05-30,0.04550301064690419,1.0
2022-05-31,0.003453200999447692,1.0
2022-06-01,0.005229690389437173,1.0
2022-06-02,-0.010889865641261183,1.0
2022-06-03,0.001366014079191658,1.0
2022-06-04,-0.008704978592270802,1.0
2022-06-05,-0.002601351106810536,1.0
2022-06-06,0.0036246645548066525,1.0
2022-06-07,-0.038781094568717034,1.0
2022-06-08,0.015563217995803224,1.0
2022-06-09,-0.0015070654623645728,1.0
2022-06-10,-0.010606940854758775,1.0
2022-06-11,-0.002487139510616238,1.0
2022-06-12,-0.013356591632254701,1.0
2022-06-13,0.016237509949436485,1.0
2022-06-14,-0.015188948650014597,1.0
2022-06-15,-0.012795945167280137,1.0
2022-06-16,-0.010464275209208312,1.0
2022-06-17,0.001071038461341723,1.0
2022-06-18,-0.009449020782933564,1.0
2022-06-19,0.00595485896907636,1.0
2022-06-20,-0.00252859622687566,1.0
2022-06-21,0.03904385792993737,1.0
2022-06-22,-0.006262045940692209,1.0
2022-06-23,-0.006491925058992841,1.0
2022-06-24,0.006843412195951727,1.0
2022-06-25,0.007204362024906503,1.0
2022-06-26,-0.002057215737307268,1.0
2022-06-27,-0.017657536656977238,1.0
2022-06-28,0.016813383618750576,1.0
2022-06-29,0.004782958289107138,1.0
2022-06-30,0.01927470380989379,1.0
2022-07-01,-0.012544795918603576,1.0
2022-07-02,-0.008220633868554391,1.0
2022-07-03,-0.0036590884452286894,1.0
2022-07-04,0.002956184046660916,1.0
2022-07-05,0.031882786368711565,1.0
2022-07-06,-0.004603169666932801,1.0
2022-07-07,0.001469195589590738,1.0
2022-07-08,-0.0006997590350943774,1.0
2022-07-09,0.0076903806135125,1.0
2022-07-10,-0.02016070797455621,1.0
2022-07-11,0.0023396248495940624,1.0
2022-07-12,-0.0019200709479525709,1.0
2022-07-13,-0.0004690829031196715,1.0
2022-07-14,0.013000243116877842,1.0
2022-07-15,0.009192379635334438,1.0
2022-07-16,0.004505214367982014,1.0
2022-07-17,-0.010189556560720832,1.0
2022-07-18,0.009025071214391084,1.0
2022-07-19,0.029432798222319784,1.0
2022-07-20,0.014590196395948983,1.0
2022-07-21,0.003054024068227054,1.0
2022-07-22,-0.008874257823536383,1.0
2022-07-23,-0.002106712178044353,1.0
2022-07-24,-0.0024715468119238778,1.0
2022-07-25,0.0004260182245130594,1.0
2022-07-26,0.008446145870691976,1.0
2022-07-27,-0.008366680763542307,1.0
2022-07-28,-0.003763494054336818,1.0
2022-07-29,-0.005028572569144104,1.0
2022-07-30,-0.02090849749927767,1.0
2022-07-31,-0.005753689780858044,1.0
2022-08-01,0.004803675368817612,1.0
2022-08-02,0.0009075033356463098,1.0
2022-08-03,-0.0023045975176470574,1.0
2022-08-04,0.026494120045718238,1.0
2022-08-05,-0.009804098413489549,1.0
2022-08-06,-0.005870767126193115,1.0
2022-08-07,0.004028704156712584,1.0
2022-08-08,-0.002287288615971173,1.0
2022-08-09,-0.006189528116700167,1.0
2022-08-10,0.0007578413914963429,1.0
2022-08-11,0.0011542296687103244,1.0
2022-08-12,0.004993016729585318,1.0
2022-08-13,-0.0006156854579469996,1.0
2022-08-14,0.010461668141142556,1.0
2022-08-15,-0.018373637405005597,1.0
2022-08-16,-0.003625111002320264,1.0
2022-08-17,-0.0022846332410209735,1.0
2022-08-18,0.004217011894002691,1.0
2022-08-19,0.0066992549111593615,1.0
2022-08-20,0.008125223538462588,1.0
2022-08-21,0.003545525401345927,1.0
2022-08-22,-0.0033376313856298225,1.0
2022-08-23,0.0026927329357344376,1.0
2022-08-24,-0.0006873750748958704,1.0
2022-08-25,0.0025130658297142813,1.0
2022-08-26,-0.0045812878429770006,1.0
2022-08-27,-0.0035812704182001543,1.0
2022-08-28,0.006385314330209684,1.0
2022-08-29,0.007580081722159346,1.0
2022-08-30,0.00825740327596905,1.0
2022-08-31,0.005746593864107165,1.0
2022-09-01,0.00647964282699231,1.0
2022-09-02,-0.00020574795693106157,1.0
2022-09-03,-0.0031369046059572104,1.0
2022-09-04,-0.003971560569670239,1.0
2022-09-05,-0.005037226602382093,1.0
2022-09-06,0.008992631322903654,1.0
2022-09-07,-0.0008896987969211355,1.0
2022-09-08,0.004074529409759594,1.0
2022-09-09,-0.003761394349472511,1.0
2022-09-10,0.009598311569740546,1.0
2022-09-11,-0.007764772140815799,1.0
2022-09-12,-0.005762265027369095,1.0
2022-09-13,0.01371659507402487,1.0
2022-09-14,-0.00047303498291219564,1.0
2022-09-15,0.0029854871658370787,1.0
2022-09-16,-0.011421240702558249,1.0
2022-09-17,0.005739343016439096,1.0
2022-09-18,-0.011005677629173502,1.0
2022-09-19,0.0023225019043601716,1.0
2022-09-20,-0.0027916389731292195,1.0
2022-09-21,-0.003686355671052616,1.0
2022-09-22,-0.01743500442855544,1.0
2022-09-23,0.014118479596370005,1.0
2022-09-24,0.006671303111120908,1.0
2022-09-25,-0.0038115798089783793,1.0
2022-09-26,-0.0066644512700550955,1.0
2022-09-27,0.01521766358313791,1.0
2022-09-28,0.005100774919392562,1.0
2022-09-29,-0.012009131111254883,1.0
2022-09-30,-0.001090451072059901,1.0
2022-10-01,0.014970835254201297,1.0
2022-10-02,-0.007226043732563862,1.0
2022-10-03,-0.003312148464051456,1.0
2022-10-04,0.0013005356191996926,1.0
2022-10-05,0.002349151261749189,1.0
2022-10-06,-0.0003205562551032116,1.0
2022-10-07,-0.004691000561743242,1.0
2022-10-08,-0.008106886355964021,1.0
2022-10-09,-0.007801138369300782,1.0
2022-10-10,0.0035968889552598715,1.0
2022-10-11,0.0009507045984804395,1.0
2022-10-12,0.012617493630860123,1.0
2022-10-13,0.0006960813596815368,1.0
2022-10-14,-0.025064378533439017,1.0
2022-10-15,-0.008961729760410016,1.0
2022-10-16,-0.006658285059738935,1.0
2022-10-17,-0.0062090761761501405,1.0
2022-10-18,-0.004809531597499517,1.0
2022-10-19,0.0026435292870059615,1.0
2022-10-20,0.0004564857054846561,1.0
2022-10-21,0.0005321016820758016,1.0
2022-10-22,0.003277062012337739,1.0
2022-10-23,-0.0007096710102308651,1.0
2022-10-24,0.0018178404776318712,1.0
2022-10-25,0.0019558403424720858,1.0
2022-10-26,0.010558787486747797,1.0
2022-10-27,-0.024673545412350808,1.0
2022-10-28,-0.012798435977968703,1.0
2022-10-29,-0.009862469793872796,1.0
2022-10-30,-0.0031873585294413483,1.0
2022-10-31,-0.0034402662320270976,1.0
2022-11-01,-0.0099545663280392,1.0
2022-11-02,-0.008589818851770244,1.0
2022-11-03,-0.016033089945162286,1.0
2022-11-04,-0.004212410844303641,1.0
2022-11-05,0.014805253978003117,1.0
2022-11-06,-0.010619337619080198,1.0
2022-11-07,-0.017641408864135864,1.0
2022-11-08,-0.0008618897452649381,1.0
2022-11-09,-0.009454298765123138,1.0
2022-11-10,0.01780532568029551,1.0
2022-11-11,-0.00039299531319584636,1.0
2022-11-12,-0.003772424984772867,1.0
2022-11-13,0.01621429021314001,1.0
2022-11-14,-0.005987797309371903,1.0
2022-11-15,0.00627646527079913,1.0
2022-11-16,-0.00023898247826949063,1.0
2022-11-17,-0.0028162836219756803,1.0
2022-11-18,-0.0012316995248625655,1.0
2022-11-19,0.002831480088937138,1.0
2022-11-20,-0.01595042072678458,1.0
2022-11-21,0.007376809222897993,1.0
2022-11-22,0.012818777075330853,1.0
2022-11-23,0.0004368875712644994,1.0
2022-11-24,0.006395779473182822,1.0
2022-11-25,0.002350639288651174,1.0
2022-11-26,-0.0041589710076386024,1.0
2022-11-27,0.012771495182888472,1.0
2022-11-28,-0.00788692008378898,1.0
2022-11-29,0.0009009197867661377,1.0
2022-11-30,-0.0011313793765023188,1.0
2022-12-01,0.003528485008588764,1.0
2022-12-02,-0.0028476169490891023,1.0
2022-12-03,1.4722002265007842e-05,1.0
2022-12-04,0.009001012033651497,1.0
2022-12-05,-0.005065559200083363,1.0
2022-12-06,-0.00518776243210949,1.0
2022-12-07,-0.0029720109836195137,1.0
2022-12-08,0.000994269773671588,1.0
2022-12-09,0.004479095946532088,1.0
2022-12-10,-0.0010848191974998636,1.0
2022-12-11,-0.0023225542609946774,1.0
2022-12-12,0.009742624331049554,1.0
2022-12-13,-0.009635050476355819,1.0
2022-12-14,0.00040285408647171587,1.0
2022-12-15,-1.6922828710945297e-05,1.0
2022-12-16,0.008510339537702357,1.0
2022-12-17,0.006191899216217956,1.0
2022-12-18,0.00048029590912396854,1.0
2022-12-19,0.005799808779191886,1.0
2022-12-20,-0.0018043124772572612,1.0
2022-12-21,-0.0018635238852863453,1.0
2022-12-22,0.002163498078598801,1.0
2022-12-23,-0.002228012705611785,1.0
2022-12-24,-0.0030545639221224805,1.0
2022-12-25,-0.006743828042878817,1.0
2022-12-26,-0.0018776861862476605,1.0
2022-12-27,-0.008623014481547474,1.0
2022-12-28,-0.005267222373230816,1.0
2022-12-29,-0.0014095817788060314,1.0
2022-12-30,0.007870363424461792,1.0
2022-12-31,0.002266113598279307,1.0
2023-01-01,0.0015863466194908638,1.0
2023-01-02,0.0014313238066556442,1.0
2023-01-03,0.014219680894591025,1.0
2023-01-04,-0.0025903368230225897,1.0
2023-01-05,-0.0077449635756668385,1.0
2023-01-06,-0.0060555186793638666,1.0
2023-01-07,-0.0017527205297444908,1.0
2023-01-08,-0.0022511422489218742,1.0
2023-01-09,0.002482467445289735,1.0
2023-01-10,-0.003647647029585594,1.0
2023-01-11,0.005045516131168071,1.0
2023-01-12,-0.0040822468769483155,1.0
2023-01-13,-0.0001452788264578518,1.0
2023-01-14,0.011185577725471003,1.0
2023-01-15,0.00571114062769431,1.0
2023-01-16,-0.0007992215401647382,1.0
2023-01-17,0.003039216212294091,1.0
2023-01-18,0.013967911840973249,1.0
2023-01-19,-0.0037398873943006216,1.0
2023-01-20,-0.004387298557522859,1.0
2023-01-21,-0.006518016606463287,1.0
2023-01-22,-0.009755809064983575,1.0
2023-01-23,-0.013698075179617082,1.0
2023-01-24,0.016477614165963946,1.0
2023-01-25,0.018168301231075195,1.0
2023-01-26,-0.0010692466943926825,1.0
2023-01-27,-0.01090816691483437,1.0
2023-01-28,-0.005712832587396719,1.0
2023-01-29,0.00034560107823093135,1.0
2023-01-30,0.024164943681198297,1.0
2023-01-31,0.0007443381440738195,1.0
2023-02-01,0.0002512113308033221,1.0
2023-02-02,-0.014365944190428994,1.0
2023-02-03,-0.004913482659355824,1.0
2023-02-04,0.008525160597403594,1.0
2023-02-05,0.007954809875499413,1.0
2023-02-06,0.011055562967852327,1.0
2023-02-07,-0.004452166424660926,1.0
2023-02-08,0.0049157890256702344,1.0
2023-02-09,-0.016190459125529272,1.0
2023-02-10,-0.015381143186548105,1.0
2023-02-11,-0.007733582207682919,1.0
2023-02-12,0.008667732346904225,1.0
2023-02-13,-0.007211861762858689,1.0
2023-02-14,0.000831914336672527,1.0
2023-02-15,0.02085281557247456,1.0
2023-02-16,0.005735033499262651,1.0
2023-02-17,-0.009653364751029719,1.0
2023-02-18,0.023291322036449628,1.0
2023-02-19,0.011122370157937052,1.0
2023-02-20,0.02501843259216343,1.0
2023-02-21,-0.0010444585821048442,1.0
2023-02-22,0.005206232860785863,1.0
2023-02-23,-0.00719666729501037,1.0
2023-02-24,0.004053573415762244,1.0
2023-02-25,-0.005233796768794969,1.0
2023-02-26,0.006411543020118467,1.0
2023-02-27,-0.0006578691024535588,1.0
2023-02-28,-0.0057604793386316615,1.0
2023-03-01,0.01334295635387067,1.0
2023-03-02,0.0002510453175075763,1.0
2023-03-03,-0.00970054126562543,1.0
2023-03-04,-0.012798713875894941,1.0
2023-03-05,0.007138523884321154,1.0
2023-03-06,0.008420932432756177,1.0
2023-03-07,0.005388416447944092,1.0
2023-03-08,0.006781752107692581,1.0
2023-03-09,-0.0018657503788526754,1.0
2023-03-10,-0.0008340666795762374,1.0
2023-03-11,-0.005392994034069962,1.0
2023-03-12,0.005344577472243414,1.0
2023-03-13,0.004002554405885287,1.0
2023-03-14,0.0017709957292409047,1.0
2023-03-15,-0.003051769732232138,1.0
2023-03-16,-0.006897802176747273,1.0
2023-03-17,0.015532914725275999,1.0
2023-03-18,0.0170205216808152,1.0
2023-03-19,-0.006536576686427919,1.0
2023-03-20,0.007307888712963893,1.0
2023-03-21,-0.012936594560880272,1.0
2023-03-22,-0.002829978543766293,1.0
2023-03-23,-0.001347504905914069,1.0
2023-03-24,-0.00043505565787409163,1.0
2023-03-25,-0.008331113687905047,1.0
2023-03-26,0.005415283352710056,1.0
2023-03-27,-0.0023433648205730987,1.0
2023-03-28,0.003798917606031498,1.0
2023-03-29,0.0006046625298151737,1.0
2023-03-30,0.0042357548087537935,1.0
2023-03-31,0.0031507436960553263,1.0
2023-04-01,-0.004347343638385818,1.0
2023-04-02,-0.007861611116399245,1.0
2023-04-03,0.000643705999777936,1.0
2023-04-04,0.01589353811417478,1.0
2023-04-05,0.0001379738896527755,1.0
2023-04-06,0.0154764034709655,1.0
2023-04-07,0.0001595322577410293,1.0
2023-04-08,-0.005595985488644189,1.0
2023-04-09,-0.009243112078586687,1.0
2023-04-10,-0.007288907001310463,1.0
2023-04-11,-0.005986194953339351,1.0
2023-04-12,-0.006562033401623328,1.0
2023-04-13,-0.005370331357968325,1.0
2023-04-14,0.006135950364746139,1.0
2023-04-15,0.009464179996390354,1.0
2023-04-16,-0.011613227423614007,1.0
2023-04-17,-0.01119055473793378,1.0
2023-04-18,-0.00013377022350413736,1.0
2023-04-19,0.0055480568782630205,1.0
2023-04-20,0.002235388491257567,1.0
2023-04-21,0.008621278435508835,1.0
2023-04-22,-0.0018338418338846247,1.0
2023-04-23,0.005797599219928007,1.0
2023-04-24,-0.0021384647302057397,1.0
2023-04-25,-0.0013285731587030325,1.0
2023-04-26,-0.005698795738813028,1.0
2023-04-27,-0.0019027768808917796,1.0
2023-04-28,-0.0007231286459642471,1.0
2023-04-29,-0.009392431651636408,1.0
2023-04-30,0.0007240288121571975,1.0
2023-05-01,-0.0024035680451822217,1.0
2023-05-02,-8.359077791674185e-05,1.0
2023-05-03,-0.007403220728775784,1.0
2023-05-04,0.0009542830753189185,1.0
2023-05-05,-0.003968209092075427,1.0
2023-05-06,-0.0015069692234171797,1.0
2023-05-07,0.007537583551383501,1.0
2023-05-08,0.009732793880438078,1.0
2023-05-09,0.0015797493623490803,1.0
2023-05-10,0.01723836463222509,1.0
2023-05-11,0.006754014145189828,1.0
2023-05-12,0.011573685466581862,1.0
2023-05-13,0.001915826429299433,1.0
2023-05-14,-0.00043321772723094653,1.0
2023-05-15,-0.010490746627023645,1.0
2023-05-16,-0.015460497972436479,1.0
2023-05-17,-0.00011784771498100336,1.0
2023-05-18,-0.002153487209583648,1.0
2023-05-19,0.004041362009939988,1.0
2023-05-20,-0.00061844697717409,1.0
2023-05-21,-0.0010211075342207955,1.0
2023-05-22,0.006410777488118506,1.0
2023-05-23,-0.0030882517212979604,1.0
2023-05-24,-0.012402119795685397,1.0
2023-05-25,-0.006363299549978217,1.0
2023-05-26,-0.002161172208575141,1.0
2023-05-27,0.007209609644225836,1.0
2023-05-28,0.001117166022855117,1.0
2023-05-29,0.001711461080762726,1.0
2023-05-30,-0.0024835361620833786,1.0
2023-05-31,0.0016878905758370573,1.0
2023-06-01,0.0004790274279564742,1.0
2023-06-02,0.0027926115542351504,1.0
2023-06-03,0.008102379617956599,1.0
2023-06-04,-0.0037459784672530215,1.0
2023-06-05,0.010137346345966827,1.0
2023-06-06,0.005575607088798197,1.0
2023-06-07,-0.005035667727716887,1.0
2023-06-08,-0.0030701094542903975,1.0
2023-06-09,0.00017206778251526507,1.0
2023-06-10,0.003428797251960597,1.0
2023-06-11,0.0019136229605708481,1.0
2023-06-12,-0.012278400541233797,1.0
2023-06-13,0.0012236999944080804,1.0
2023-06-14,-0.006211836115431107,1.0
2023-06-15,0.0010091400703981911,1.0
2023-06-16,0.00108293051837818,1.0
2023-06-17,0.0024505632215985483,1.0
2023-06-18,0.0051363180254541015,1.0
2023-06-19,-0.00024243875199813996,1.0
2023-06-20,0.0014782653157940577,1.0
2023-06-21,0.003837756116948433,1.0
2023-06-22,-0.006699504263074093,1.0
2023-06-23,-0.005502297161221243,1.0
2023-06-24,0.011835080610439423,1.0
2023-06-25,-0.005342090550372867,1.0
2023-06-26,-0.010855311564674737,1.0
2023-06-27,-0.003517459568588068,1.0
2023-06-28,-0.0037139829144113043,1.0
2023-06-29,0.0011274438459934338,1.0
2023-06-30,-0.00933525524295012,1.0
2023-07-01,-0.001062349036235252,1.0
2023-07-02,-0.008319800465605862,1.0
2023-07-03,-0.008417681805958949,1.0
2023-07-04,-0.00827339887955726,1.0
2023-07-05,0.0014109012183195612,1.0
2023-07-06,0.002936558399175908,1.0
2023-07-07,-0.0005570964192112146,1.0
2023-07-08,0.001745585847192681,1.0
2023-07-09,-0.001455718939103347,1.0
2023-07-10,-0.0017159120398092162,1.0
2023-07-11,0.007924116119880458,1.0
2023-07-12,-0.006075383323178726,1.0
2023-07-13,0.012069489960422381,1.0
2023-07-14,-0.008863107485097171,1.0
2023-07-15,0.004610014673913533,1.0
2023-07-16,-0.00438584341059846,1.0
2023-07-17,-0.0013850402605255071,1.0
2023-07-18,-0.008006901292369278,1.0
2023-07-19,-0.0023388373930580777,1.0
2023-07-20,-0.012920905064437138,1.0
2023-07-21,0.00605244238942487,1.0
2023-07-22,0.004622172968631707,1.0
2023-07-23,-0.0024735344604373166,1.0
2023-07-24,-0.005601065009178546,1.0
2023-07-25,0.0013361355675413067,1.0
2023-07-26,0.011883266897968633,1.0
2023-07-27,-0.012023203342466707,1.0
2023-07-28,0.012093446230887267,1.0
2023-07-29,-0.0034135665717926595,1.0
2023-07-30,0.00048287992670367937,1.0
2023-07-31,-0.004605492996384782,1.0
2023-08-01,-0.00011975375954226958,1.0
2023-08-02,0.0027723450172582806,1.0
2023-08-03,-0.000753704584368616,1.0
2023-08-04,0.01903434249050867,1.0
2023-08-05,0.009314526599287148,1.0
2023-08-06,0.0006018480741190242,1.0
2023-08-07,-0.005277625634582232,1.0
2023-08-08,-0.0025877918434815206,1.0
2023-08-09,-0.001919655363636444,1.0
2023-08-10,0.0015292127826955616,1.0
2023-08-11,-0.0016644675392594305,1.0
2023-08-12,0.011259354073335238,1.0
2023-08-13,-0.01221002802998835,1.0
2023-08-14,0.001577439368900748,1.0
2023-08-15,0.0066539899605857055,1.0
2023-08-16,-0.0016978917228922673,1.0
2023-08-17,-0.014014470948612502,1.0
2023-08-18,0.009737639650394786,1.0
2023-08-19,0.0019442913863149604,1.0
2023-08-20,0.0013500562551104385,1.0
2023-08-21,-0.0022547607087983253,1.0
2023-08-22,-0.0026383384536739613,1.0
2023-08-23,0.005524712956576044,1.0
2023-08-24,0.002494113854068387,1.0
2023-08-25,-0.0068193880774756075,1.0
2023-08-26,-0.0077596752711441295,1.0
2023-08-27,-0.007525656774599961,1.0
2023-08-28,0.0013262909878253692,1.0
2023-08-29,0.0032769487740099395,1.0
2023-08-30,-0.002615994652013459,1.0
2023-08-31,0.0033122638060569124,1.0
2023-09-01,0.008388823456127365,1.0
2023-09-02,-0.007508186883574923,1.0
2023-09-03,0.003287003571909721,1.0
2023-09-04,-0.001913747985213817,1.0
2023-09-05,-0.00460230762330688,1.0
2023-09-06,0.0069469067876341915,1.0
2023-09-07,0.028563700852055694,1.0
2023-09-08,-0.0051650652847539495,1.0
2023-09-09,-0.003053620918894245,1.0
2023-09-10,0.005969684080010883,1.0
2023-09-11,-0.012822244160012262,1.0
2023-09-12,-0.004362449787463335,1.0
2023-09-13,0.007229390132393639,1.0
2023-09-14,0.006620298366307854,1.0
2023-09-15,-0.00703359812917357,1.0
2023-09-16,0.002966142610929106,1.0
2023-09-17,-0.0038010773312546547,1.0
2023-09-18,-0.0007182328123197784,1.0
2023-09-19,0.0008533253002759942,1.0
2023-09-20,0.005049704839957587,1.0
2023-09-21,0.00588183027591253,1.0
2023-09-22,0.00037525218984887123,1.0
2023-09-23,0.005377560622065303,1.0
2023-09-24,-0.004915899818282318,1.0
2023-09-25,-0.0005281809740811242,1.0
2023-09-26,0.009009676451144989,1.0
2023-09-27,-0.00921268717944739,1.0
2023-09-28,-0.0012360947277868116,1.0
2023-09-29,-0.0011832875213381262,1.0
2023-09-30,-0.005324969873366426,1.0
2023-10-01,-0.005247889509478541,1.0
2023-10-02,-0.00364176523960885,1.0
2023-10-03,-0.00043139832496673445,1.0
2023-10-04,-0.005557110188372751,1.0
2023-10-05,-0.007130773693986908,1.0
2023-10-06,0.004239855909636958,1.0
2023-10-07,0.0014182533782525419,1.0
2023-10-08,-0.00412418273860919,1.0
2023-10-09,-0.0095047423175399,1.0
2023-10-10,-0.005852298524138006,1.0
2023-10-11,0.008114747014876529,1.0
2023-10-12,-0.0046946087569029816,1.0
2023-10-13,0.0020600354431727723,1.0
2023-10-14,0.003142111981839892,1.0
2023-10-15,0.011690825404991058,1.0
2023-10-16,0.006460349359161985,1.0
2023-10-17,0.01942456377384035,1.0
2023-10-18,0.01032211247223123,1.0
2023-10-19,-0.01452211603510945,1.0
2023-10-20,0.006439883561654728,1.0
2023-10-21,0.0012804696987455426,1.0
2023-10-22,-0.008218341325463386,1.0
2023-10-23,-0.018817089870609805,1.0
2023-10-24,0.006664333665859734,1.0
2023-10-25,0.01023373778644962,1.0
2023-10-26,-0.01702532630791088,1.0
2023-10-27,-0.004445664252938126,1.0
2023-10-28,-0.01203484700250606,1.0
2023-10-29,0.014175528507039445,1.0
2023-10-30,-0.011753801754890785,1.0
2023-10-31,0.013667492863462034,1.0
2023-11-01,-0.029885305451308866,1.0
2023-11-02,-0.003565913077279261,1.0
2023-11-03,0.00022492167048232688,1.0
2023-11-04,0.0028329117098180845,1.0
2023-11-05,0.026173863817001673,1.0
2023-11-06,-0.005817296564856913,1.0
2023-11-07,-0.016018144587378998,1.0
2023-11-08,0.00517451302950765,1.0
2023-11-09,0.0007626206490194512,1.0
2023-11-10,0.01254895055716345,1.0
2023-11-11,-0.033989639859435185,1.0
2023-11-12,-0.02361646024381519,1.0
2023-11-13,0.015281895396859813,1.0
2023-11-14,-0.009982824007768613,1.0
2023-11-15,0.022234000967271107,1.0
2023-11-16,0.014280509532217706,1.0
2023-11-17,-0.02157318844066994,1.0
2023-11-18,-0.0020477924999770985,1.0
2023-11-19,0.0026725492667109023,1.0
2023-11-20,0.009049668728790785,1.0
2023-11-21,0.0009462779129699779,1.0
2023-11-22,-0.00996548167297419,1.0
2023-11-23,0.011642143606975637,1.0
2023-11-24,0.01955186545155992,1.0
2023-11-25,-0.002239947707164295,1.0
2023-11-26,-0.010684215878104855,1.0
2023-11-27,1.5449105518611488e-06,1.0
2023-11-28,-0.0025134543131148765,1.0
2023-11-29,-0.0063848225283653776,1.0
2023-11-30,6.679786057434633e-05,1.0
2023-12-01,0.00409210600396466,1.0
2023-12-02,0.007984061259519462,1.0
2023-12-03,-0.005374768023849683,1.0
2023-12-04,-0.009978034984769114,1.0
2023-12-05,0.0019225093882485529,1.0
2023-12-06,0.000840854643386555,1.0
2023-12-07,0.010590006284197387,1.0
2023-12-08,-0.022304536948100025,1.0
2023-12-09,-0.005068756530641521,1.0
2023-12-10,-0.007080337056188511,1.0
2023-12-11,-0.023271036918699004,1.0
2023-12-12,-0.0025205710551737264,1.0
2023-12-13,-0.0021941259374605357,1.0
2023-12-14,0.012492645682045198,1.0
2023-12-15,0.017724485750618846,1.0
2023-12-16,0.0037146469896433597,1.0
2023-12-17,0.0065989156227493,1.0
2023-12-18,-0.025065790470457906,1.0
2023-12-19,0.006923255267073192,1.0
2023-12-20,0.0016793811561718853,1.0
2023-12-21,-0.01601054282583092,1.0
2023-12-22,-0.01583927047705888,1.0
2023-12-23,0.029480142077872,1.0
2023-12-24,0.022823344235279618,1.0
2023-12-25,0.009661010222987577,1.0
2023-12-26,-0.006463119978762081,1.0
2023-12-27,-0.009027296097981693,1.0
2023-12-28,0.0009879351834160173,1.0
2023-12-29,0.006523367827988083,1.0
2023-12-30,0.015039373138419696,1.0
2023-12-31,-0.0013463538430696811,1.0
2024-01-01,-0.006737313803042195,1.0
2024-01-02,-0.006218211860289741,1.0
2024-01-03,-0.01989024452819997,1.0
2024-01-04,0.019386509895486858,1.0
2024-01-05,-0.019534989283191324,1.0
2024-01-06,-0.0036053734571006787,1.0
2024-01-07,0.01742390833025442,1.0
2024-01-08,-0.0013834037162774393,1.0
2024-01-09,-0.015218429951616983,1.0
2024-01-10,-0.0021671647647350614,1.0
2024-01-11,-0.009126288546222019,1.0
2024-01-12,-0.0127767054350245,1.0
2024-01-13,0.00653426318800469,1.0
2024-01-14,0.005591918384645534,1.0
2024-01-15,-0.017392420909644834,1.0
2024-01-16,-0.010064557345486912,1.0
2024-01-17,-0.009519471152958866,1.0
2024-01-18,-0.0007847193315230511,1.0
2024-01-19,-0.015722519972146756,1.0
2024-01-20,0.001584483821072527,1.0
2024-01-21,-4.249864698619167e-05,1.0
2024-01-22,0.00241821537005857,1.0
2024-01-23,-0.003695610208133088,1.0
2024-01-24,2.5834163869551253e-05,1.0
2024-01-25,0.01236943242115373,1.0
2024-01-26,-0.0022626077995874794,1.0
2024-01-27,-0.005067285529505645,1.0
2024-01-28,0.004363015496494216,1.0
2024-01-29,0.005024425525403984,1.0
2024-01-30,-0.0014284724611619,1.0
2024-01-31,0.002509652756827617,1.0
2024-02-01,0.0045392596740492725,1.0
2024-02-02,0.015068769701718651,1.0
2024-02-03,-0.0010948355991863513,1.0
2024-02-04,0.007596693971350017,1.0
2024-02-05,0.005713263254003809,1.0
2024-02-06,-0.0014376821618349413,1.0
2024-02-07,-0.006609217377231512,1.0
2024-02-08,0.0024770461576412097,1.0
2024-02-09,0.0025501747978697127,1.0
2024-02-10,0.002616378135854115,1.0
2024-02-11,-0.008825375258361086,1.0
2024-02-12,0.001796521505981718,1.0
2024-02-13,-0.0018469844820618317,1.0
2024-02-14,0.01594487805370932,1.0
2024-02-15,0.007830598265179713,1.0
2024-02-16,0.006035479639096672,1.0
2024-02-17,0.010834534601568305,1.0
2024-02-18,0.029738866915462108,1.0
2024-02-19,0.0067801841811444856,1.0
2024-02-20,0.00033385850404878733,1.0
2024-02-21,-0.003319609675795316,1.0
2024-02-22,0.013967726597330558,1.0
2024-02-23,0.0028954930296977285,1.0
2024-02-24,0.01786349023370755,1.0
2024-02-25,-0.003160665841985637,1.0
2024-02-26,0.019377263336246574,1.0
2024-02-27,-0.01343635765879255,1.0
2024-02-28,0.0059730354762201595,1.0
2024-02-29,0.006282357266500822,1.0
2024-03-01,0.012767379902819813,1.0
2024-03-02,0.00933303724261665,1.0
2024-03-03,0.015251991420927088,1.0
2024-03-04,-0.0019558664773506374,1.0
2024-03-05,0.057873595037852124,1.0
2024-03-06,-0.009188611109996726,1.0
2024-03-07,0.004076026674872786,1.0
2024-03-08,-0.00821269512035684,1.0
2024-03-09,0.004430056340696224,1.0
2024-03-10,0.0038184599580620322,1.0
2024-03-11,-0.0018521020333350513,1.0
2024-03-12,0.029179135827435074,1.0
2024-03-13,0.009762700423413772,1.0
2024-03-14,0.01756635929529755,1.0
2024-03-15,-0.00829481159400936,1.0
2024-03-16,-0.007408756870821487,1.0
2024-03-17,0.005842018635534501,1.0
2024-03-18,0.01869411812489804,1.0
2024-03-19,-0.012686302624307711,1.0
2024-03-20,-0.0034404568765840754,1.0
2024-03-21,0.027859187189055154,1.0
2024-03-22,0.006778626734613193,1.0
2024-03-23,-0.008650433477489936,1.0
2024-03-24,-0.006177017714819394,1.0
2024-03-25,0.04021079798902198,1.0
2024-03-26,-0.004036418859279647,1.0
2024-03-27,0.008771070728113563,1.0
2024-03-28,-0.0019873217836158825,1.0
2024-03-29,0.005611211908366619,1.0
2024-03-30,-0.005577293557396359,1.0
2024-03-31,-0.0033761192192326463,1.0
2024-04-01,0.006182519774053419,1.0
2024-04-02,-0.008949268225465856,1.0
2024-04-03,-0.003999600583104081,1.0
2024-04-04,-0.0016600356103001765,1.0
2024-04-05,-0.00799617434859014,1.0
2024-04-06,-0.004518537101156956,1.0
2024-04-07,-0.00950339261812869,1.0
2024-04-08,-0.003288955914108184,1.0
2024-04-09,-0.017405813886880707,1.0
2024-04-10,0.014766247158280073,1.0
2024-04-11,0.007908208038110928,1.0
2024-04-12,-0.015105283025948386,1.0
2024-04-13,-0.0015407386893638059,1.0
2024-04-14,0.018144841275808496,1.0
2024-04-15,0.009074269027316983,1.0
2024-04-16,-0.008099623871178428,1.0
2024-04-17,-0.004658543747440254,1.0
2024-04-18,0.009659367711741964,1.0
2024-04-19,0.003441741832342012,1.0
2024-04-20,-0.012118701302180875,1.0
2024-04-21,0.016722330300641047,1.0
2024-04-22,0.00010648772975539595,1.0
2024-04-23,-0.009081519603099388,1.0
2024-04-24,-0.010834054180869686,1.0
2024-04-25,0.008880277740677291,1.0
2024-04-26,0.009402906731874145,1.0
2024-04-27,-0.01046145562850717,1.0
2024-04-28,-0.0053992225812663185,1.0
2024-04-29,0.002189204599167776,1.0
2024-04-30,-0.0027147867647936688,1.0
2024-05-01,0.005398825476177108,1.0
2024-05-02,0.006905555794695589,1.0
2024-05-03,0.0014125807639642487,1.0
2024-05-04,0.0092811594674401,1.0
2024-05-05,-0.0008990643831922115,1.0
2024-05-06,0.0024599427481761535,1.0
2024-05-07,0.0012958726037457574,1.0
2024-05-08,-0.0009999339667082691,1.0
2024-05-09,0.00460356204023856,1.0
2024-05-10,-0.0064911007300603825,1.0
2024-05-11,0.00487221987631712,1.0
2024-05-12,0.012306743012772483,1.0
2024-05-13,-0.0029526095300032194,1.0
2024-05-14,-0.009017143173802731,1.0
2024-05-15,-0.003872691371073265,1.0
2024-05-16,0.004997764471497708,1.0
2024-05-17,0.009734828936248144,1.0
2024-05-18,-0.006701833397537465,1.0
2024-05-19,-0.004277538959769582,1.0
2024-05-20,-0.008473713019679224,1.0
2024-05-21,-0.008824245346756686,1.0
2024-05-22,-0.003083733916502026,1.0
2024-05-23,0.012537703959827728,1.0
2024-05-24,-0.00041404569686593305,1.0
2024-05-25,0.004722407784484079,1.0
2024-05-26,-0.0008569254606688428,1.0
2024-05-27,-0.003948510197572484,1.0
2024-05-28,-0.005342915304184652,1.0
2024-05-29,0.004262520386820464,1.0
2024-05-30,0.004288819514521824,1.0
2024-05-31,-0.011614489141652137,1.0
2024-06-01,-0.002233817258825049,1.0
2024-06-02,0.007129513029760454,1.0
2024-06-03,0.027000140995037458,1.0
2024-06-04,-0.01989563290370642,1.0
2024-06-05,0.001354900674941983,1.0
2024-06-06,-0.0015387453480247618,1.0
2024-06-07,-0.013452360369093296,1.0
2024-06-08,0.01753363819626448,1.0
2024-06-09,-0.0003638709970892459,1.0
2024-06-10,-0.013724360421571045,1.0
2024-06-11,0.0006882996842579828,1.0
2024-06-12,-0.0006591018565647434,1.0
2024-06-13,0.0054210323011412145,1.0
2024-06-14,-0.0009519376398154575,1.0
2024-06-15,0.00635702772951696,1.0
2024-06-16,0.0054752029761917995,1.0
2024-06-17,-0.009672848361273297,1.0
2024-06-18,-0.005056440425732804,1.0
2024-06-19,0.008193586160258797,1.0
2024-06-20,0.01119976383629239,1.0
2024-06-21,0.007042912798119921,1.0
2024-06-22,0.0027471003574483046,1.0
2024-06-23,0.00013248949348112392,1.0
2024-06-24,0.0015629367641603392,1.0
2024-06-25,-0.01425459368453905,1.0
2024-06-26,-0.008983706448280723,1.0
2024-06-27,-0.0048253019469363615,1.0
2024-06-28,-0.001483861952972528,1.0
2024-06-29,0.008279649417850598,1.0
2024-06-30,-0.007731987221141892,1.0
2024-07-01,-0.005773111854032317,1.0
2024-07-02,-0.0013633068729828344,1.0
2024-07-03,0.0020289488687825524,1.0
2024-07-04,-0.004579398319383905,1.0
2024-07-05,-0.0007412277933197705,1.0
2024-07-06,-0.0025036237649076294,1.0
2024-07-07,0.0014474629021231254,1.0
2024-07-08,-0.00023421357109406298,1.0
2024-07-09,0.001802385588882939,1.0
2024-07-10,-0.0003693854915637282,1.0
2024-07-11,0.0009855019827176965,1.0
2024-07-12,0.008382800903647266,1.0
2024-07-13,-0.0023407371281024708,1.0
2024-07-14,-0.009619641856624749,1.0
2024-07-15,-0.002985696412542443,1.0
2024-07-16,0.012446363954577336,1.0
2024-07-17,0.006319243655487077,1.0
2024-07-18,-0.0175643742227066,1.0
2024-07-19,-0.0010603325484495633,1.0
2024-07-20,0.0019195657618002854,1.0
2024-07-21,0.00257580491226449,1.0
2024-07-22,0.0055242735787757475,1.0
2024-07-23,-0.004048640713415739,1.0
2024-07-24,-0.009013700848354352,1.0
2024-07-25,0.001532144818441647,1.0
2024-07-26,0.004254369248431382,1.0
2024-07-27,0.01316964530397644,1.0
2024-07-28,-0.0038193622306507006,1.0
2024-07-29,0.005093419704005279,1.0
2024-07-30,0.0018056437596135474,1.0
2024-07-31,0.005900538891492794,1.0
2024-08-01,0.0012759519168952936,1.0
2024-08-02,0.0068517366739057626,1.0
2024-08-03,0.0032573153486822955,1.0
2024-08-04,0.0006856262632507742,1.0
2024-08-05,0.008249834887098535,1.0
2024-08-06,-0.016563518348386347,1.0
2024-08-07,-0.0007825827237674176,1.0
2024-08-08,-0.0017670565039500006,1.0
2024-08-09,-0.011944576574610816,1.0
2024-08-10,-0.0002461055458765075,1.0
2024-08-11,-0.0036794880510294414,1.0
2024-08-12,0.0036553299765513755,1.0
2024-08-13,-0.001702193169671816,1.0
2024-08-14,-0.0013080342182152961,1.0
2024-08-15,0.0032006703914907175,1.0
2024-08-16,0.0011231082708244972,1.0
2024-08-17,-0.013693514401481066,1.0
2024-08-18,-0.00747374094408159,1.0
2024-08-19,0.0059177067899306235,1.0
2024-08-20,0.014741280402937606,1.0
2024-08-21,-0.0006569448920992538,1.0
2024-08-22,-0.003184461222412091,1.0
2024-08-23,-0.024620514439711593,1.0
2024-08-24,-0.015436813987295609,1.0
2024-08-25,0.0026756478797469513,1.0
2024-08-26,0.004510690361941821,1.0
2024-08-27,-0.001295574626371998,1.0
2024-08-28,0.010562616860830302,1.0
2024-08-29,-0.005753164236049906,1.0
2024-08-30,-0.001002786440541811,1.0
2024-08-31,-0.001319764963114178,1.0
2024-09-01,0.009552199608360859,1.0
2024-09-02,-0.003907390195562627,1.0
2024-09-03,0.0010016392219856238,1.0
2024-09-04,-0.004244882475884243,1.0
2024-09-05,-0.00190159327742094,1.0
2024-09-06,0.003696565416326938,1.0
2024-09-07,-0.00998146119283521,1.0
2024-09-08,-0.001440499090750892,1.0
2024-09-09,-0.0005651294603960859,1.0
2024-09-10,-0.003002809302710673,1.0
2024-09-11,-0.0023013887186279954,1.0
2024-09-12,-0.0006235429215827185,1.0
2024-09-13,-0.020921298256195868,1.0
2024-09-14,0.010237392024322499,1.0
2024-09-15,0.02116544350889232,1.0
2024-09-16,0.0030598884553196147,1.0
2024-09-17,-0.016596136264897834,1.0
2024-09-18,0.00035718283096073224,1.0
2024-09-19,0.010450225646497153,1.0
2024-09-20,-0.006094875438907805,1.0
2024-09-21,-0.009431104308185872,1.0
2024-09-22,0.005322973606986263,1.0
2024-09-23,-0.009905532842383375,1.0
2024-09-24,0.010868705253698483,1.0
2024-09-25,0.005702256000428429,1.0
2024-09-26,0.0009334023397376853,1.0
2024-09-27,0.004366273093576602,1.0
2024-09-28,0.003798974879993166,1.0
2024-09-29,0.0053496296271687395,1.0
2024-09-30,0.004268012234194368,1.0
2024-10-01,-0.005014962562503435,1.0
2024-10-02,-0.0005300616991830748,1.0
2024-10-03,-0.01150136954681492,1.0
2024-10-04,0.010660644482115568,1.0
2024-10-05,0.00018582827410944648,1.0
2024-10-06,0.0008400742328193377,1.0
2024-10-07,0.0035156442620507666,1.0
2024-10-08,-0.008441160226304678,1.0
2024-10-09,0.0017007883944587495,1.0
2024-10-10,0.0042684000284290684,1.0
2024-10-11,0.00649289698964121,1.0
2024-10-12,-0.0026669604551033304,1.0
2024-10-13,0.003957135632239165,1.0
2024-10-14,-0.004529789433746249,1.0
2024-10-15,0.0008214561296048505,1.0
2024-10-16,-0.0006754587780170183,1.0
2024-10-17,-0.004692683118467052,1.0
2024-10-18,0.0014005834264966344,1.0
2024-10-19,0.004306762951543648,1.0
2024-10-20,-0.030674244421360918,1.0
2024-10-21,0.00524952802850378,1.0
2024-10-22,-0.006608161949285521,1.0
2024-10-23,0.007846783588252365,1.0
2024-10-24,-0.00854746422076952,1.0
2024-10-25,-0.003420736686699112,1.0
2024-10-26,0.00993659561635987,1.0
2024-10-27,-0.004487968831340146,1.0
2024-10-28,-0.0046113784668784415,1.0
2024-10-29,0.005556585912286398,1.0
2024-10-30,0.005300589584604029,1.0
2024-10-31,-0.002664772084477752,1.0
2024-11-01,0.017383649793920885,1.0
2024-11-02,-0.007308891512085027,1.0
2024-11-03,0.0013461431345877881,1.0
2024-11-04,-0.004524588766469425,1.0
2024-11-05,0.01998080755410268,1.0
2024-11-06,-0.014637406504424126,1.0
2024-11-07,-0.007857938104664376,1.0
2024-11-08,-0.007778461941196761,1.0
2024-11-09,0.0014742190287076534,1.0
2024-11-10,-0.01435677821888693,1.0
2024-11-11,-0.004012218294727995,1.0
2024-11-12,-0.0036594905263834555,1.0
2024-11-13,0.00519338271986589,1.0
2024-11-14,0.01330802812704532,1.0
2024-11-15,-0.006408472169352127,1.0
2024-11-16,0.0016291209320961932,1.0
2024-11-17,0.001451459815255304,1.0
2024-11-18,0.026060403009016523,1.0
2024-11-19,0.002896192310103224,1.0
2024-11-20,0.005407898189808908,1.0
2024-11-21,-0.004993823399623031,1.0
2024-11-22,-0.0003578525087145016,1.0
2024-11-23,-0.007098614401934768,1.0
2024-11-24,0.011522824756061891,1.0
2024-11-25,0.005877433963243347,1.0
2024-11-26,0.004766351538251812,1.0
2024-11-27,-0.0028235668197980172,1.0
2024-11-28,0.007050688107031106,1.0
2024-11-29,-0.0018595942131746294,1.0
2024-11-30,0.0027887990656887207,1.0
2024-12-01,0.0006183782125133904,1.0
2024-12-02,-0.014978407432007094,1.0
2024-12-03,-0.03441691267266077,1.0
2024-12-04,0.029424181041497723,1.0
2024-12-05,-0.0008336954165604927,1.0
2024-12-06,0.013023139896896149,1.0
2024-12-07,-0.002665368982081755,1.0
2024-12-08,-0.016959281642087726,1.0
2024-12-09,0.0015503514586822234,1.0
2024-12-10,0.00039790232996817214,1.0
2024-12-11,0.00601456974706779,1.0
2024-12-12,0.011510473368419203,1.0
2024-12-13,-0.0010882479178758013,1.0
2024-12-14,0.002775281571586713,1.0
2024-12-15,0.0018806944766603922,1.0
2024-12-16,-0.0014062592077360456,1.0
2024-12-17,-0.002976002139883413,1.0
2024-12-18,0.006377127853596459,1.0
2024-12-19,-0.0038331441907512023,1.0
2024-12-20,-0.0047402511763448936,1.0
2024-12-21,0.004142079308355402,1.0
2024-12-22,0.0019191519539286982,1.0
2024-12-23,-0.008505355186766638,1.0
2024-12-24,-0.0008881277312793441,1.0
2024-12-25,-0.006443323360850097,1.0
2024-12-26,-0.0031387243544505707,1.0
2024-12-27,0.010311419121789607,1.0
2024-12-28,0.010800601771448317,1.0
2024-12-29,-0.001501429655197852,1.0
2024-12-30,-0.002202593213763344,1.0
2024-12-31,0.00761104119831103,1.0
2025-01-01,-0.0023567146464961667,1.0
2025-01-02,-0.007446427511561601,1.0
2025-01-03,-0.0007398099690497061,1.0
2025-01-04,-0.0007097951007309941,1.0
2025-01-05,-0.00024341267334358616,1.0
2025-01-06,-0.0049563579529686794,1.0
2025-01-07,0.004315972231536849,1.0
2025-01-08,0.006519955256570932,1.0
2025-01-09,0.002015690096235038,1.0
2025-01-10,-0.002457348353164626,1.0
2025-01-11,0.0025805645600610857,1.0
2025-01-12,-0.006398339543503713,1.0
2025-01-13,0.005254116845436517,1.0
2025-01-14,-0.014544210613847594,1.0
2025-01-15,0.00805917147257981,1.0
2025-01-16,-0.004199486835280284,1.0
2025-01-17,-0.007344561051216017,1.0
2025-01-18,0.0013419638949513754,1.0
2025-01-19,-0.004553551024585151,1.0
2025-01-20,-0.0012994964575938986,1.0
2025-01-21,0.0003983598525848499,1.0
2025-01-22,0.0018498693009097403,1.0
2025-01-23,-0.003124118487341862,1.0
2025-01-24,0.004153947768909222,1.0
2025-01-25,0.003247278728879032,1.0
2025-01-26,0.004727101306760201,1.0
2025-01-27,-0.002154048175128807,1.0
2025-01-28,-0.0012762282645388528,1.0
2025-01-29,0.004738439537989582,1.0
2025-01-30,0.003104836758399997,1.0
2025-01-31,-0.0023834968454079994,1.0
2025-02-01,-0.000711731840693358,1.0
2025-02-02,-0.008228094431284421,1.0
2025-02-03,-0.010926616777799688,1.0
2025-02-04,0.018823056446184337,1.0
2025-02-05,0.0006764269033920588,1.0
2025-02-06,-0.0022475784277329602,1.0
2025-02-07,-0.002447798833930195,1.0
2025-02-08,-0.0019234556910729399,1.0
2025-02-09,-0.012181372132491443,1.0
2025-02-10,0.001196789004843617,1.0
2025-02-11,-0.00016244530520750596,1.0
2025-02-12,0.002483683686506196,1.0
2025-02-13,0.005251335662505392,1.0
2025-02-14,-0.004321921482198177,1.0
2025-02-15,0.0027026807442034288,1.0
2025-02-16,0.002506835128253986,1.0
2025-02-17,0.00045462385588743615,1.0
2025-02-18,0.008302095278572692,1.0
2025-02-19,-0.0010560513108559123,1.0
2025-02-20,0.004930168524627192,1.0
2025-02-21,0.010587815532939828,1.0
2025-02-22,-0.00046464523535927403,1.0
2025-02-23,0.0059169923358547575,1.0
2025-02-24,-0.010778795687105455,1.0
2025-02-25,-0.010932724337708125,1.0
2025-02-26,-0.00862942463080965,1.0
2025-02-27,-0.003415406269575097,1.0
2025-02-28,-0.001783341579078228,1.0
2025-03-01,-0.003966535992229051,1.0
2025-03-02,-0.021108832699816484,1.0
2025-03-03,0.0039478241364865625,1.0
2025-03-04,0.004594852261575604,1.0
2025-03-05,-0.001448827658631813,1.0
2025-03-06,-0.0051421878379978685,1.0
2025-03-07,0.006789354793263031,1.0
2025-03-08,-0.0016609461606554203,1.0
2025-03-09,-0.007292819426405324,1.0
2025-03-10,0.022996662706761737,1.0
2025-03-11,0.005002417349490479,1.0
2025-03-12,0.0069539755891800505,1.0
2025-03-13,0.007371221977695306,1.0
2025-03-14,-0.0036558397785183424,1.0
2025-03-15,0.00020117993316304015,1.0
2025-03-16,0.008568928859714452,1.0
2025-03-17,0.0035815136520395935,1.0
2025-03-18,-0.007017758932323972,1.0
2025-03-19,-0.011819122590449723,1.0
2025-03-20,0.007696785252487303,1.0
2025-03-21,-0.0033756456713493086,1.0
2025-03-22,0.0032576422482267125,1.0
2025-03-23,-0.003757337151094615,1.0
2025-03-24,0.0018018308207325777,1.0
2025-03-25,0.007539020003253866,1.0
2025-03-26,-0.00975676499331598,1.0
2025-03-27,0.005923128039330336,1.0
2025-03-28,-0.0007551438017319336,1.0
2025-03-29,-0.0028932252057443843,1.0
2025-03-30,0.010570414205707937,1.0
2025-03-31,0.015584141567535178,1.0
2025-04-01,0.02271744034311623,1.0
2025-04-02,0.01177996114505414,1.0
2025-04-03,0.005221562392212364,1.0
2025-04-04,0.0012870953466701902,1.0
2025-04-05,0.005882733895873648,1.0
2025-04-06,-0.0018630456836177239,1.0
2025-04-07,-0.004300553338545552,1.0
2025-04-08,0.008433098127859416,1.0
2025-04-09,-0.005696682715002979,1.0
2025-04-10,0.00352755228372016,1.0
2025-04-11,-0.006509287470847124,1.0
2025-04-12,0.0027252092269449894,1.0
2025-04-13,0.007402252905528932,1.0
2025-04-14,-0.022937087217507972,1.0
2025-04-15,0.0008931552791845568,1.0
2025-04-16,-0.003928295022675193,1.0
2025-04-17,-0.00698161905608091,1.0
2025-04-18,-0.012651957734171658,1.0
2025-04-19,0.007114399226728611,1.0
2025-04-20,-0.017333124678004498,1.0
2025-04-21,-0.0153073644640631,1.0
2025-04-22,-0.0007021184001206207,1.0
2025-04-23,-0.012040417119161274,1.0
2025-04-24,-0.005813514048521846,1.0
2025-04-25,-0.003911749701371365,1.0
2025-04-26,0.01209884648152441,1.0
2025-04-27,-0.008322124908102765,1.0
2025-04-28,-0.004793789940151755,1.0
2025-04-29,0.029436739520246377,1.0
2025-04-30,-0.01949044505893325,1.0
2025-05-01,-0.010337900415531587,1.0
2025-05-02,0.016630376744792088,1.0
2025-05-03,-0.0005886108283032732,1.0
2025-05-04,0.0012649605708546134,1.0
2025-05-05,-5.2065077802819645e-05,1.0
2025-05-06,0.007702042599243297,1.0
2025-05-07,-0.0036324435579833795,1.0
2025-05-08,0.006151582143170742,1.0
2025-05-09,-0.0011923207679606527,1.0
2025-05-10,0.011838770132650712,1.0
2025-05-11,-0.0027182080827763177,1.0
2025-05-12,-0.002165534282950907,1.0
2025-05-13,-0.004606730137106425,1.0
2025-05-14,0.0028210487384994045,1.0
2025-05-15,-0.0057856690593261345,1.0
2025-05-16,-0.0005983482893429405,1.0
2025-05-17,-0.0033024980311287503,1.0
2025-05-18,0.00034833771857076864,1.0
2025-05-19,0.015755385808426614,1.0
2025-05-20,0.007598439004144913,1.0
2025-05-21,0.0002082276580462797,1.0
2025-05-22,-0.0014865712373682595,1.0
2025-05-23,0.006721450801971494,1.0
2025-05-24,-0.0052009563861338945,1.0
2025-05-25,0.001760712589722588,1.0
2025-05-26,0.0025441156024363118,1.0
2025-05-27,0.00787253185921095,1.0
2025-05-28,0.005922846617581178,1.0
2025-05-29,0.007360257248926202,1.0
2025-05-30,-0.0038084817782143973,1.0
2025-05-31,0.010494530169278458,1.0
2025-06-01,-0.007438979156813869,1.0
2025-06-02,-0.0037962875973083948,1.0
2025-06-03,0.003970083027515765,1.0
2025-06-04,-0.013321530054977148,1.0
2025-06-05,0.0034167630966871923,1.0
2025-06-06,-0.005692667165734171,1.0
2025-06-07,0.0013092396786442539,1.0
2025-06-08,-0.002474258327596134,1.0
2025-06-09,0.0033835083169280354,1.0
2025-06-10,0.011950045704926445,1.0
2025-06-11,-0.0013830199176038422,1.0
2025-06-12,-0.0005158192487287512,1.0
2025-06-13,-0.005711483081674108,1.0
2025-06-14,0.0026971219870809385,1.0
2025-06-15,-0.0008018890350439483,1.0
2025-06-16,-0.0030498879452142058,1.0
2025-06-17,0.0031091263340219805,1.0
2025-06-18,-0.0016704883673758447,1.0
2025-06-19,0.0019432992776695353,1.0
2025-06-20,0.001320524197666656,1.0
2025-06-21,-0.0017541009208124005,1.0
2025-06-22,0.009310151786213187,1.0
2025-06-23,-0.007495525770933349,1.0
2025-06-24,-0.005805400366659491,1.0
2025-06-25,0.006561506699179463,1.0
2025-06-26,0.010186822346472245,1.0
2025-06-27,0.0005735058949953653,1.0
2025-06-28,-0.008602931992059493,1.0
2025-06-29,-0.003953189205997133,1.0
2025-06-30,0.007191190864918475,1.0
2025-07-01,0.002611097686126495,1.0
2025-07-02,-0.005588760835941964,1.0
2025-07-03,-0.0029514281355507294,1.0
2025-07-04,-0.0025383552572643053,1.0
2025-07-05,-0.0045256856514856525,1.0
2025-07-06,0.006079958539172875,1.0
2025-07-07,0.003142545292681813,1.0
2025-07-08,-0.004578075793386848,1.0
2025-07-09,-0.0029227837150458303,1.0
2025-07-10,-0.0032407539637650767,1.0
2025-07-11,0.0026118932031676248,1.0
2025-07-12,0.00778648442104054,1.0
2025-07-13,-0.006501062705138181,1.0
2025-07-14,0.0010289079746515879,1.0
2025-07-15,0.0008479179338323234,1.0
2025-07-16,-0.0007194727728102256,1.0
2025-07-17,-0.008744054208178807,1.0
2025-07-18,0.004179139828057564,1.0
2025-07-19,0.019124429982001746,1.0
2025-07-20,0.018500462434191955,1.0
2025-07-21,-0.0028442269701494374,1.0
2025-07-22,-0.009546615807664941,1.0
2025-07-23,0.0006672594114265922,1.0
2025-07-24,0.004990462637345003,1.0
2025-07-25,-0.00637175538553634,1.0
2025-07-26,0.002592499533045493,1.0
2025-07-27,-0.005369644256179289,1.0
2025-07-28,0.016709752774627936,1.0
2025-07-29,0.00035548254828386813,1.0
2025-07-30,0.001541668169733609,1.0
2025-07-31,-0.008313488252868853,1.0
2025-08-01,-0.004607106583651202,1.0
2025-08-02,-0.005286246553073314,1.0
2025-08-03,0.0042280477040613045,1.0
2025-08-04,-0.0004739065198067665,1.0
2025-08-05,-0.015827756898241507,1.0
2025-08-06,-0.0008136347972388932,1.0
2025-08-07,-0.0006402978347459991,1.0
2025-08-08,0.002717867366023231,1.0
2025-08-09,0.009111047909860793,1.0
2025-08-10,-0.011930810822235337,1.0
2025-08-11,-0.0031132323215342754,1.0
2025-08-12,-0.00017810057540448225,1.0
2025-08-13,-0.0020559181677818968,1.0
2025-08-14,-0.007182740598870248,1.0
2025-08-15,-0.0018964240488316478,1.0
2025-08-16,-0.004427878704726423,1.0
2025-08-17,0.00019758668530343556,1.0
2025-08-18,0.01042585799651198,1.0
2025-08-19,0.0006396808451607644,1.0
2025-08-20,-0.009038306716508186,1.0
2025-08-21,-0.02013137631585888,1.0
2025-08-22,-0.009249262897186358,1.0
2025-08-23,0.008752854525922438,1.0
2025-08-24,0.016569281778671428,1.0
2025-08-25,0.014129733806325099,1.0
2025-08-26,-0.015444584098558409,1.0
2025-08-27,0.010182068514383611,1.0
2025-08-28,-0.0059923859088348444,1.0
2025-08-29,0.000330181197275804,1.0
2025-08-30,0.004396240463263211,1.0
2025-08-31,-0.00531750539946897,1.0
2025-09-01,-0.006663041611751703,1.0
2025-09-02,-0.0015343650419076403,1.0
2025-09-03,0.007584188301844992,1.0
2025-09-04,0.0009379219229307184,1.0
2025-09-05,0.004100923356279062,1.0
2025-09-06,-0.005894601521444956,1.0
2025-09-07,-0.0013410575480470792,1.0
2025-09-08,-0.0004942962278559619,1.0
2025-09-09,-0.004776411100936151,1.0
2025-09-10,-0.003276098646882692,1.0
2025-09-11,-9.779676973489218e-05,1.0
2025-09-12,0.0005368092886079562,1.0
2025-09-13,0.006222707353968114,1.0
2025-09-14,0.004147838111074793,1.0
2025-09-15,-0.003650594397170381,1.0
2025-09-16,-0.0009411363595950532,1.0
2025-09-17,-0.004449187419311882,1.0
2025-09-18,-0.013586437553965141,1.0
2025-09-19,-0.0010972815814481937,1.0
2025-09-20,0.020745717902918025,1.0
2025-09-21,-0.004931930615538694,1.0
2025-09-22,0.00039899924827251293,1.0
2025-09-23,0.006963852770069164,1.0
2025-09-24,0.008080953210449705,1.0
2025-09-25,-0.00041748662703263036,1.0
2025-09-26,0.012022420174911239,1.0
2025-09-27,-0.002730472019862957,1.0
2025-09-28,-0.0035133760404676873,1.0
2025-09-29,0.0018866490382824922,1.0
2025-09-30,-0.00011013667048535001,1.0
2025-10-01,-0.03662860783613013,1.0
2025-10-02,0.013759809286748125,1.0
2025-10-03,0.0021383667527636804,1.0
2025-10-04,0.00027411933693096964,1.0
2025-10-05,0.00901174939732917,1.0
2025-10-06,-0.016199759976656913,1.0
2025-10-07,0.006700629623789903,1.0
2025-10-08,-0.01007317836034693,1.0
2025-10-09,0.0025647900610489193,1.0
2025-10-10,-0.00545301476625883,1.0
2025-10-11,0.0001121369041377795,1.0
2025-10-12,-0.026726659459809586,1.0
2025-10-13,0.01619724952263084,1.0
2025-10-14,0.014831112144196181,1.0
2025-10-15,-0.006257157198157271,1.0
2025-10-16,0.0016109280014502758,1.0
2025-10-17,-0.003959390051831149,1.0
2025-10-18,-0.004376846616265988,1.0
2025-10-19,-0.0023189390605336405,1.0
2025-10-20,-0.006631074987340019,1.0
2025-10-21,-0.000784974249797257,1.0
2025-10-22,-0.001736633878120186,1.0
2025-10-23,-0.0002206022485008398,1.0
2025-10-24,-0.00023213931434867482,1.0
2025-10-25,-0.0010729226470899988,1.0
2025-10-26,0.012824118879925519,1.0
2025-10-27,-0.0009725168304294056,1.0
2025-10-28,-0.0031623334029748026,1.0
2025-10-29,-0.00547214036807208,1.0
2025-10-30,0.012124760045117377,1.0
2025-10-31,-0.012140708260708172,1.0
2025-11-01,-0.021670077886490162,1.0
2025-11-02,-0.011666817901996342,1.0
2025-11-03,-0.007666405291838549,1.0
2025-11-04,0.013422564443420482,1.0
2025-11-05,0.00793347530737647,1.0
2025-11-06,0.014610917917424755,1.0
2025-11-07,-0.018713942784575877,1.0
2025-11-08,-0.0017948681009023087,1.0
2025-11-09,-0.02924102159978304,1.0
2025-11-10,0.016033630839016093,1.0
2025-11-11,-0.012478088985736265,1.0
2025-11-12,0.0018983155571918732,1.0
2025-11-13,0.0031999187186878743,1.0
2025-11-14,0.004241984806327477,1.0
2025-11-15,-0.005277665416801457,1.0
2025-11-16,0.002140873304127233,1.0
2025-11-17,0.000790139829553639,1.0
2025-11-18,-0.005800784718295664,1.0
2025-11-19,0.005471715389651498,1.0
2025-11-20,0.021383875182810506,1.0
2025-11-21,-0.004064216749311759,1.0
2025-11-22,0.008810252597548567,1.0
2025-11-23,0.0078379798326967,1.0
2025-11-24,0.0040786252491168285,1.0
2025-11-25,0.01142590477717648,1.0
2025-11-26,0.000998054254462077,1.0
2025-11-27,0.01638625126038997,1.0
2025-11-28,-0.008250105226048285,1.0
2025-11-29,0.01563083937606806,1.0
2025-11-30,0.0033327294063391333,1.0
2025-12-01,0.006085254053035921,1.0
2025-12-02,0.011514376588100932,1.0
2025-12-03,-7.875396574510019e-05,1.0
2025-12-04,-0.0006539481757436181,1.0
2025-12-05,0.009461719654947775,1.0
2025-12-06,-0.006357816525633619,1.0
2025-12-07,0.006792420900816485,1.0
2025-12-08,0.006302253468688988,1.0
2025-12-09,-0.013377553630962605,1.0
2025-12-10,0.0143524343023671,1.0
2025-12-11,0.003487874671922236,1.0
2025-12-12,-0.0032764320436856342,1.0
2025-12-13,-0.0023009174851822507,1.0
2025-12-14,-0.0011099802305363667,1.0
2025-12-15,0.00040915080995954496,1.0
2025-12-16,0.005004511327292436,1.0
2025-12-17,0.0028390176618781388,1.0
2025-12-18,-0.0022629530155226433,1.0
2025-12-19,0.0057791700559354856,1.0
2025-12-20,0.0012366041669032068,1.0
2025-12-21,0.006657427474492685,1.0
2025-12-22,-0.0007590817910222603,1.0
2025-12-23,0.013981471222352786,1.0
2025-12-24,-0.0057734607743877555,1.0
2025-12-25,0.003215359418352162,1.0
2025-12-26,0.00025776042239188704,1.0
2025-12-27,-0.02002190212119956,1.0
2025-12-28,0.010960932827332528,1.0
2025-12-29,0.03572772235996241,1.0
2025-12-30,0.023782586388172912,1.0
2025-12-31,0.0035885797700270588,1.0
2026-01-01,-0.014791243434874651,1.0
2026-01-02,-0.009999409938709021,1.0
2026-01-03,0.008467281972591442,1.0
2026-01-04,-0.01078441549747614,1.0
2026-01-05,0.00016190446421874882,1.0
2026-01-06,0.00952137936364967,1.0
2026-01-07,0.013006975509584698,1.0
2026-01-08,0.00433213643012266,1.0
2026-01-09,0.0028052800902448596,1.0
2026-01-10,0.013741600019594359,1.0
2026-01-11,0.0010577626086447434,1.0
2026-01-12,0.0023638484309507143,1.0
2026-01-13,-0.009152112481900928,1.0
2026-01-14,0.021372971277239333,1.0
2026-01-15,0.01938202311149752,1.0
2026-01-16,0.012013921128216755,1.0
2026-01-17,-0.01486976108157311,1.0
2026-01-18,0.01203125184820591,1.0
2026-01-19,-0.017540088724438165,1.0
2026-01-20,-0.006364287695497472,1.0
2026-01-21,-0.005493654455087722,1.0
2026-01-22,0.004464962895746884,1.0
2026-01-23,-0.0003689876223630534,1.0
2026-01-24,-0.005276450623536383,1.0
2026-01-25,-0.014057047742323511,1.0
2026-01-26,0.0005785704509690653,1.0
2026-01-27,-0.0033273307006398216,1.0
2026-01-28,0.005214430346303048,1.0
2026-01-29,-6.139317542798109e-05,1.0
2026-01-30,-0.005032306299450364,1.0
2026-01-31,0.004230447339284833,1.0
2026-02-01,-0.002068281882202331,1.0
2026-02-02,0.009674401325369262,1.0
2026-02-03,0.010025096584820758,1.0
2026-02-04,0.012660436029522236,1.0
2026-02-05,0.0028780577584521187,1.0
2026-02-06,-0.013100705356990186,1.0
2026-02-07,-0.003712252078996667,1.0
2026-02-08,0.008712233260691177,1.0
2026-02-09,0.010628046475774443,1.0
2026-02-10,-0.0009710055516734209,1.0
2026-02-11,0.015437705196838005,1.0
2026-02-12,-0.008517620019318325,1.0
2026-02-13,-0.0193749485984952,1.0
2026-02-14,-0.020424874929869604,1.0
2026-02-15,-0.0015192823516067971,1.0
2026-02-16,0.0009862710499414513,1.0
2026-02-17,-0.0036071420679332942,1.0
2026-02-18,0.0025193022381805297,1.0
2026-02-19,-0.001983996538360497,1.0
2026-02-20,0.00021605492784306575,1.0
2026-02-21,-8.550692982642354e-05,1.0
2026-02-22,0.005538172237568882,1.0
2026-02-23,-0.010175978276628531,1.0
2026-02-24,-0.009277684613668498,1.0
2026-02-25,0.0025455465960445246,1.0
2026-02-26,0.0014688931591698728,1.0
2026-02-27,0.00639987455761748,1.0
2026-02-28,-0.010558100897165903,1.0
2026-03-01,0.013721133095386074,1.0
2026-03-02,-0.00739551091219135,1.0
2026-03-03,-0.013883348033268626,1.0
2026-03-04,0.005628704363838607,1.0
2026-03-05,0.0015221073780765106,1.0
2026-03-06,-0.00681556695540562,1.0
2026-03-07,0.021180687740971125,1.0
2026-03-08,0.00284752887105252,1.0
2026-03-09,0.020065935465761423,1.0
2026-03-10,0.01740581556053929,1.0
2026-03-11,-0.013543932675082452,1.0
2026-03-12,-0.007354731121773371,1.0
2026-03-13,0.000552502439845651,1.0
2026-03-14,-0.0022214926972851903,1.0
2026-03-15,-0.013847034183244655,1.0
2026-03-16,-0.007868057381848604,1.0
2026-03-17,-0.0060523061260548145,1.0
2026-03-18,-0.007377832426741767,1.0
2026-03-19,0.007558493639973369,1.0
2026-03-20,8.996562997648771e-05,1.0
2026-03-21,0.0052567992159997376,1.0
2026-03-22,0.01818297176767271,1.0
2026-03-23,0.0015880975952048757,1.0
2026-03-24,0.016014368915399594,1.0
2026-03-25,-0.015942211481473283,1.0
2026-03-26,-0.0008641583344728558,1.0
2026-03-27,-0.012858790922023468,1.0
2026-03-28,0.03187169758626152,1.0
2026-03-29,-0.0078366802884243,1.0
2026-03-30,0.002667748682847463,1.0
2026-03-31,-0.013037680294075387,1.0
2026-04-01,-0.006040102592291558,1.0
2026-04-02,-0.021797056839146744,1.0
2026-04-03,-0.0007232042675181476,1.0
2026-04-04,0.0015745920505772521,1.0
2026-04-05,-0.004483510439599911,1.0
2026-04-06,-0.0014081108540331677,1.0
2026-04-07,0.004182649558838693,1.0
2026-04-08,0.009870819111010233,1.0
2026-04-09,0.022587878852345297,1.0
2026-04-10,0.0030456176738570123,1.0
2026-04-11,-0.001062623719039523,1.0
2026-04-12,0.007970022235114175,1.0
2026-04-13,-0.01717991770191517,1.0
2026-04-14,-0.003938806511964838,1.0
2026-04-15,0.010426194326756658,1.0
2026-04-16,-0.004704818226584423,1.0
2026-04-17,-0.0164152375657812,1.0
2026-04-18,-0.04133451406639523,1.0
2026-04-19,0.0236740651676515,1.0
2026-04-20,0.011536127178276574,1.0
2026-04-21,-0.024479564152983888,1.0
2026-04-22,0.013061493822096957,1.0
2026-04-23,-0.016415451520819406,1.0
2026-04-24,-0.005735647156039491,1.0
2026-04-25,0.00415807681325208,1.0
2026-04-26,-0.0010168680058013487,1.0
2026-04-27,4.799744876137304e-05,1.0
2026-04-28,-0.0028501838497153554,1.0
2026-04-29,-0.001980486568786789,1.0
2026-04-30,-0.01816887236273922,1.0
2026-05-01,-0.021964167688746983,1.0
2026-05-02,0.01056184586839583,1.0
2026-05-03,-0.008404353183209992,1.0
2026-05-04,-0.009773649589962026,1.0
2026-05-05,-0.024827199018222144,1.0
2026-05-06,-0.025621885364358592,1.0
2026-05-07,1.747417832087192e-05,1.0
2026-05-08,0.008743214424332063,1.0
2026-05-09,0.002757419965748604,1.0
2026-05-10,0.01381716215825567,1.0
2026-05-11,-0.0061637820558857965,1.0
2026-05-12,-0.0042172935588464695,1.0
2026-05-13,0.007021119893843089,1.0
2026-05-14,-0.013151231780754783,1.0
2026-05-15,-0.0026111485235634554,1.0
2026-05-16,0.004752176822587185,1.0
2026-05-17,-0.014258444099691847,1.0
2026-05-18,0.0035515202463086825,1.0
2026-05-19,0.006594772968552614,1.0
2026-05-20,-0.0030620789931279837,1.0
2026-05-21,0.001828027407565872,1.0
2026-05-22,-0.01127911583087643,1.0
2026-05-23,0.011134217814412421,1.0
2026-05-24,0.013998821773785917,1.0
2026-05-25,-0.008323425714754574,1.0
2026-05-26,0.006937936787756237,1.0
2026-05-27,-0.006920942948472524,1.0
2026-05-28,-0.012068203122152128,1.0
2026-05-29,0.004738359998532221,1.0
2026-05-30,0.011428485376563281,1.0
2026-05-31,0.0014185018252248188,1.0
2026-06-01,-0.004969210622095462,1.0
2026-06-02,0.008707093241888397,1.0
2026-06-03,0.0037810725210801325,1.0
2026-06-04,-0.002214577800707533,1.0
2026-06-05,-0.022740920987868556,1.0
2026-06-06,0.006823895708076123,1.0
2026-06-07,0.007491268575528643,1.0
2026-06-08,0.003966867987157804,1.0
2026-06-09,0.0036560214420132764,1.0
2026-06-10,-0.01025996355917979,1.0
2026-06-11,0.00023045908379479383,1.0
2026-06-12,-0.017007860780092417,1.0
2026-06-13,-0.009515907891249844,1.0
2026-06-14,0.0035444825666589245,1.0
2026-06-15,-0.011038708758830094,1.0
2026-06-16,0.006928356867838201,1.0
2026-06-17,0.0135000597252044,1.0
2026-06-18,0.00467236164038062,1.0
2026-06-19,0.014942188120435422,1.0
2026-06-20,0.019829254898570167,1.0
2026-06-21,0.009332465221287414,1.0
2026-06-22,0.006208915371501932,1.0
2026-06-23,-0.007507332785171573,1.0
2026-06-24,0.003200664093329077,1.0
2026-06-25,-0.008524607011437835,1.0
2026-06-26,0.00932007335732896,1.0
2026-06-27,-0.004288700803887159,1.0
2026-06-28,0.001057580672871448,1.0
2026-06-29,-0.007421437157951314,1.0
2026-06-30,-0.0054521336264254485,1.0
2026-07-01,0.0003505717125765149,1.0
2026-07-02,0.00025493641787519884,1.0
2026-07-03,0.000270979197646906,1.0
2026-07-04,0.00010872419296547278,1.0
2026-07-05,-5.552076275964056e-06,1.0
2026-07-06,0.00013937035085356925,1.0
2026-07-07,-0.00017816862466957118,1.0
2026-07-08,-8.511054215218563e-06,1.0
2026-07-09,-3.390365174051073e-05,1.0
2026-07-10,2.56827430397538e-05,1.0
2026-07-11,0.00011313099466217825,1.0
2026-07-12,8.72547566978843e-05,1.0
2026-07-13,0.0015227416727981958,1.0
2026-07-14,-0.005853536721097729,1.0
2026-07-15,-0.006804732690312773,1.0
2026-07-16,0.007208137090973153,1.0
2026-07-17,-0.0017407209514084406,1.0
2026-07-18,0.00881532614749771,1.0
2026-07-19,-0.0008807984532276606,1.0
2026-07-20,0.0037486787292119917,1.0
2026-07-21,-0.0032900851078351027,1.0
2026-07-22,0.00825091108564091,1.0
2026-07-23,-0.00531078022310512,1.0
2026-07-24,0.0010383941684323065,1.0
2026-07-25,-0.0062881735616782996,1.0
2026-07-26,-0.009042970667368398,1.0
2026-07-27,-0.013572962060257068,1.0
2026-07-28,-0.0017379630873907543,1.0
2026-07-29,-0.011831800506075438,1.0
2026-07-30,-0.004930307876412373,1.0
2026-07-31,-0.004800628073660246,1.0
2026-08-01,0.006014609189860274,1.0
2026-08-02,-0.005897957484662089,1.0
2026-08-03,0.009867312270538418,1.0
2026-08-04,-0.0035447096607728722,1.0
2026-08-05,0.008699527609875458,1.0
2026-08-06,-0.0037142094426566236,1.0
2026-08-07,0.002069132155564577,1.0
2026-08-08,-0.005370665587393928,1.0
2026-08-09,-0.015888716150554226,1.0
2026-08-10,0.009496085398852796,1.0
2026-08-11,-0.010643084755321705,1.0
2026-08-12,0.00021464256937474245,1.0
2026-08-13,0.0020256650618543934,1.0
2026-08-14,-0.018270120069033235,1.0
2026-08-15,0.014890877878096436,1.0
2026-08-16,0.00936333467605835,1.0
2026-08-17,-0.0011599802407698408,1.0
2026-08-18,0.00014467510862788135,1.0
2026-08-19,-0.00048429230585825093,1.0
2026-08-20,-0.002447345179635162,1.0
2026-08-21,-0.000714701118684876,1.0
2026-08-22,0.011122817009545654,1.0
2026-08-23,-0.0021241260837820517,1.0
2026-08-24,0.00804820314973105,1.0
2026-08-25,0.027882848792710416,1.0
2026-08-26,0.0008325299397034581,1.0
2026-08-27,0.009251910026945732,1.0
2026-08-28,0.0010571668499667554,1.0
2026-08-29,0.0006640132396190553,1.0
2026-08-30,0.00029169635636893196,1.0
2026-08-31,0.0003278625678652471,1.0
2026-09-01,0.0005792369250409407,1.0
2026-09-02,0.0004568610898970568,1.0
2026-09-03,0.00042183746719140676,1.0
2026-09-04,0.000407830687817185,1.0
2026-09-05,0.00018406586453180592,1.0
2026-09-06,5.341836243500502e-05,1.0
2026-09-07,0.0001564479335990434,1.0
2026-09-08,-0.0012573709188178112,1.0
2026-09-09,-0.0006844575465155448,1.0
2026-09-10,-0.0001382263339708931,1.0
2026-09-11,0.017675778567231834,1.0
2026-09-12,0.09329970875390273,1.0
2026-09-13,0.23620274775337202,1.0
2026-09-14,-0.10874730911933218,1.0
2026-09-15,-0.002923419174863792,1.0
2026-09-16,0.05535453037634058,1.0
2026-09-17,0.013846705673547269,1.0
2026-09-18,0.031244127702046515,1.0
2026-09-19,-0.0014875206220808686,1.0
2026-09-20,-0.010857589294858517,1.0
2026-09-21,0.00914116090078673,1.0
2026-09-22,-0.017661768665752874,1.0
2026-09-23,0.04249149964126484,1.0
2026-09-24,0.0134457501456926,1.0
2026-09-25,-0.026586246413439662,1.0
2026-09-26,0.004996041725388238,1.0
2026-09-27,-0.017378554843711144,1.0
2026-09-28,0.010706059919001008,1.0
2026-09-29,-0.0024292530707115114,1.0
2026-09-30,-0.003104745914059833,1.0
2026-10-01,0.04294714472530435,1.0
2026-10-02,0.0027258615583110285,1.0
2026-10-03,0.01065269521207172,1.0
